Track URI,Track Name,Album Name,Artist Name(s),Release Date,Duration (ms),Popularity,Explicit,Added By,Added At,Genres,Record Label,Danceability,Energy,Key,Loudness,Mode,Speechiness,Acousticness,Instrumentalness,Liveness,Valence,Tempo,Time Signature
spotify:track:1QV6tiMFM6fSOKOGLMHYYg,"Poker Face","The Fame","Lady Gaga",2008-01-01,237200,88,true,tossicodipendente,2025-04-08T08:48:29Z,"art pop,pop","Streamline/Interscope",0.851,0.806,4,-4.618,1,0.0787,0.119,0.00000172,0.121,0.774,119.001,4
spotify:track:7ySUcLPVX7KudhnmNcgY2D,"S&M","Loud","Rihanna",2010-01-01,243600,90,true,tossicodipendente,2025-04-08T08:48:30Z,"","Def Jam Recordings",0.769,0.685,1,-5.019,1,0.041,0.0105,0.000124,0.0887,0.836,127.977,4
spotify:track:2fQxE0jVrjNMT9oJAXtSJR,"Domino","Who You Are (Platinum Edition)","Jessie J",2011-01-01,231840,80,false,tossicodipendente,2025-04-08T08:48:36Z,"","Lava Music/Republic Records",0.758,0.557,7,-4.568,1,0.034,0.0117,0,0.0418,0.781,126.986,4
spotify:track:2ENexcMEMsYk0rVJigVD3i,"Only Girl (In The World)","Loud","Rihanna",2010-01-01,235493,91,false,tossicodipendente,2025-04-08T08:48:41Z,"","Def Jam Recordings",0.789,0.706,11,-4.233,0,0.0429,0.112,0.0000171,0.0586,0.638,125.918,4
spotify:track:0TwBtDAWpkpM3srywFVOV5,"Crazy In Love (feat. JAY-Z)","Dangerously In Love","Beyoncé;JAŸ-Z",2003-03-10,235933,86,false,tossicodipendente,2025-04-08T08:48:46Z,"hip hop,east coast hip hop,rap","Columbia",0.664,0.759,2,-6.583,0,0.209,0.00238,0,0.0598,0.701,99.252,4
spotify:track:1dzQoRqT5ucxXVaAhTcT0J,"Just Dance","The Fame","Lady Gaga;Colby O'Donis",2008-01-01,241933,87,false,tossicodipendente,2025-04-08T08:48:58Z,"art pop,pop","Streamline/Interscope",0.822,0.739,1,-4.541,0,0.0311,0.0264,0.0000428,0.181,0.745,118.99,4
spotify:track:0SiywuOBRcynK0uKGWdCnn,"Bad Romance","The Fame Monster (Deluxe Edition)","Lady Gaga",2009-11-05,294573,89,true,tossicodipendente,2025-04-08T08:49:00Z,"art pop,pop","Interscope",0.695,0.921,0,-3.752,1,0.0363,0.00314,0.0000526,0.0842,0.714,119.007,4
spotify:track:5ka2ajep9OAvU5Sgduhiex,"Applause","ARTPOP","Lady Gaga",2013-11-11,212333,81,false,tossicodipendente,2025-04-08T08:49:03Z,"art pop,pop","Interscope",0.668,0.78,7,-4.287,0,0.053,0.0265,0.00000163,0.143,0.738,139.945,4
spotify:track:20I6sIOMTCkB6w7ryavxtO,"Call Me Maybe","Kiss","Carly Rae Jepsen",2012-01-01,193400,87,false,tossicodipendente,2025-04-08T08:49:24Z,"","Silent Records IGA",0.782,0.58,7,-6.548,1,0.0407,0.0114,0.00000228,0.108,0.66,120.021,4
spotify:track:1rIKgCH4H52lrvDcz50hS8,"Lush Life","So Good","Zara Larsson",2017-03-17,200646,94,false,tossicodipendente,2025-04-08T08:49:54Z,"","Epic/Record Company TEN",0.694,0.712,7,-3.923,0,0.046,0.132,0,0.211,0.799,98.023,4
spotify:track:1HHeOs6zRdF8Ck58easiAY,"Alejandro","The Fame Monster (Deluxe Edition)","Lady Gaga",2009-11-05,274213,79,false,tossicodipendente,2025-04-08T08:50:18Z,"art pop,pop","Interscope",0.623,0.795,11,-6.63,0,0.046,0.000399,0.0014,0.375,0.358,98.995,4
spotify:track:53jnnqFSRGMDB9ADrNriCA,"Bloody Mary","Born This Way (International Special Edition Version)","Lady Gaga",2011-05-23,244760,78,false,tossicodipendente,2025-04-08T08:50:23Z,"art pop,pop","Interscope",0.591,0.634,9,-6.365,0,0.0291,0.0107,0.00000195,0.113,0.44,99.998,4
spotify:track:5ZLUm9eab8y3tqQ1OhQSHI,"Abracadabra","Abracadabra","Lady Gaga",2025-02-03,223398,79,false,tossicodipendente,2025-04-08T08:50:29Z,"art pop,pop","Interscope Records",0.68,0.909,10,-3.487,0,0.0624,0.0121,0,0.222,0.633,126.004,4
spotify:track:49FYlytm3dAAraYgpoJZux,"Umbrella","Good Girl Gone Bad: Reloaded","Rihanna;JAŸ-Z",2008-06-02,275986,89,false,tossicodipendente,2025-04-08T08:50:40Z,"hip hop,east coast hip hop,rap","Def Jam Recordings",0.585,0.828,1,-4.603,1,0.124,0.00906,0,0.0426,0.584,174.034,4
spotify:track:235LXPXfi0SmOaS9TaCh3c,"Teenage Dream","Teenage Dream","Katy Perry",2010-08-24,227741,72,false,tossicodipendente,2025-04-08T08:50:43Z,"pop","Capitol Records",0.719,0.798,10,-4.582,1,0.0361,0.0162,0.00000234,0.134,0.591,120.012,4
spotify:track:7F25roCtYi55JouckaayPC,"Judas","Born This Way (International Special Edition Version)","Lady Gaga",2011-05-23,249066,84,false,tossicodipendente,2025-04-08T08:51:05Z,"art pop,pop","Interscope",0.664,0.934,10,-3.848,0,0.0696,0.00108,0.0000273,0.271,0.529,130.983,4
spotify:track:2VOomzT6VavJOGBeySqaMc,"Disturbia","Good Girl Gone Bad: Reloaded","Rihanna",2008-06-02,238626,87,false,tossicodipendente,2025-04-08T08:51:18Z,"","Def Jam Recordings",0.707,0.814,11,-4.509,0,0.0577,0.0861,0,0.168,0.717,124.921,4
spotify:track:0TDLuuLlV54CkRRUOahJb4,"Titanium (feat. Sia)","Nothing but the Beat (Ultimate Edition)","David Guetta;Sia",2012-12-07,245040,88,false,tossicodipendente,2025-04-08T08:51:21Z,"edm","Parlophone (France)",0.604,0.787,0,-3.674,0,0.103,0.0679,0.15,0.127,0.301,126.062,4
spotify:track:0ByMNEPAPpOR5H69DVrTNy,"Don't Stop The Music","Good Girl Gone Bad: Reloaded","Rihanna",2008-06-02,267080,90,false,tossicodipendente,2025-04-08T08:51:25Z,"","Def Jam Recordings",0.834,0.669,6,-5.582,0,0.0637,0.0341,0.0000718,0.0535,0.547,122.669,4
spotify:track:4lCv7b86sLynZbXhfScfm2,"Firework","Teenage Dream: The Complete Confection","Katy Perry",2012-03-12,227880,76,false,tossicodipendente,2025-04-08T08:51:37Z,"pop","Capitol Records",0.639,0.826,8,-4.968,1,0.0479,0.139,0,0.0803,0.648,124.075,4
spotify:track:14fmbvjYLqRZEXz1VZdM2M,"We Found Love","We Found Love","Rihanna;Calvin Harris",2011-09-22,215760,3,false,tossicodipendente,2025-04-08T08:51:44Z,"edm","Universal Music Group",0.755,0.74,1,-4.951,1,0.0407,0.0225,0.00139,0.124,0.609,127.98,4
spotify:track:6tS3XVuOyu10897O3ae7bi,"California Gurls","Teenage Dream: The Complete Confection","Katy Perry;Snoop Dogg",2012-03-12,234653,79,false,tossicodipendente,2025-04-08T08:52:09Z,"pop,g-funk,west coast hip hop,gangster rap,old school hip hop,hip hop,rap","Capitol Records",0.791,0.755,0,-3.729,1,0.0568,0.00452,0,0.163,0.426,125.014,4
spotify:track:0iGckQFyv6svOfAbAY9aWJ,"Hot N Cold","One Of The Boys","Katy Perry",2008-06-17,220226,83,false,tossicodipendente,2025-04-08T08:52:17Z,"pop","Capitol Records",0.706,0.842,7,-3.956,1,0.0417,0.0000773,0,0.0688,0.861,132.032,4
spotify:track:1htQDV8JxSuXG2QsNj5ttr,"Last Friday Night (T.G.I.F.)","Teenage Dream","Katy Perry",2010-01-01,230733,84,false,tossicodipendente,2025-04-08T08:52:23Z,"pop","Capitol Records",0.652,0.81,3,-3.789,0,0.0406,0.00129,0.0000291,0.667,0.732,126.022,4
spotify:track:1uQDjeqWqHd3LwkYZ2vKvP,"I Kissed A Girl","One Of The Boys (15th Anniversary Edition)","Katy Perry",2023-06-20,179640,47,false,tossicodipendente,2025-04-08T08:52:34Z,"pop","Capitol Records (CAP)",0.702,0.76,5,-3.174,1,0.0684,0.00226,0,0.132,0.696,129.996,4
spotify:track:1nZzRJbFvCEct3uzu04ZoL,"Part Of Me","Teenage Dream: The Complete Confection","Katy Perry",2012-03-12,216160,78,false,tossicodipendente,2025-04-08T08:52:37Z,"pop","Capitol Records",0.678,0.918,5,-4.63,1,0.0355,0.000417,0,0.0744,0.77,130.03,4
spotify:track:6I9VzXrHxO9rA9A5euc8Ak,"Toxic","In The Zone","Britney Spears",2003-11-13,198800,90,false,tossicodipendente,2025-04-08T09:19:20Z,"pop","Jive",0.774,0.838,5,-3.914,0,0.114,0.0249,0.025,0.242,0.924,143.04,4
spotify:track:4kWO6O1BUXcZmaxitpVUwp,"Jackie Chan","Jackie Chan","Tiësto;Dzeko;Preme;Post Malone",2018-05-18,215759,70,true,tossicodipendente,2025-05-19T20:44:29Z,"edm,trance,big room","Universal Music B.V.",0.747,0.834,3,-2.867,0,0.045,0.374,0,0.0586,0.687,128.005,4
spotify:track:0laYHRpNTS6i8FXdupHkJ4,"Love You Like A Love Song","When The Sun Goes Down","Selena Gomez & The Scene",2011-01-01,188453,88,false,tossicodipendente,2025-05-21T08:44:22Z,"","Hollywood Records",0.858,0.678,1,-3.87,0,0.0469,0.0761,0,0.0741,0.922,117.009,4
spotify:track:3ZFTkvIE7kyPt6Nu3PEa7V,"Hips Don't Lie (feat. Wyclef Jean)","Oral Fixation, Vol. 2 (Expanded Edition)","Shakira;Wyclef Jean",2005-11-28,218093,21,false,tossicodipendente,2025-05-21T13:41:56Z,"latin pop","Epic",0.778,0.824,10,-5.892,0,0.0707,0.284,0,0.405,0.758,100.024,4
spotify:track:3GpbwCm3YxiWDvy29Uo3vP,"Right Round","R.O.O.T.S. (Route of Overcoming the Struggle)","Flo Rida;Kesha",2009-03-23,204640,88,false,tossicodipendente,2025-05-29T06:18:04Z,"","Poe Boy/Atlantic",0.72,0.672,7,-6.852,1,0.0551,0.009,0,0.232,0.705,124.986,4
spotify:track:3LUWWox8YYykohBbHUrrxd,"We R Who We R","Cannibal (Expanded Edition)","Kesha",2010-11-19,204760,81,false,tossicodipendente,2025-06-04T10:25:54Z,"","RCA Records Label",0.736,0.817,8,-4.9,1,0.0407,0.00987,0.00167,0.117,0.653,119.95,4
spotify:track:6ic8OlLUNEATToEFU3xmaH,"Gimme More","Blackout","Britney Spears",2007-10-25,251244,88,true,tossicodipendente,2025-06-05T10:48:05Z,"pop","Jive",0.788,0.844,2,-3.131,1,0.0334,0.25,0.000678,0.0723,0.382,113.324,4
spotify:track:3MjUtNVVq3C8Fn0MP3zhXa,"...Baby One More Time","...Baby One More Time (Digital Deluxe Version)","Britney Spears",1999-01-12,211066,89,false,tossicodipendente,2025-06-05T10:48:23Z,"pop","Jive",0.759,0.699,0,-5.745,0,0.0307,0.202,0.000131,0.443,0.907,92.96,4
spotify:track:6naxalmIoLFWR0siv8dnQQ,"Oops!...I Did It Again","Oops!... I Did It Again","Britney Spears",2000-05-16,211160,87,false,tossicodipendente,2025-06-05T10:48:34Z,"pop","Jive",0.751,0.834,1,-5.444,0,0.0437,0.3,0.0000177,0.355,0.894,95.053,4
spotify:track:378iszndTZAR4dH8kwsLC6,"Cheap Thrills (feat. Sean Paul)","This Is Acting","Sia;Sean Paul",2016-02-18,224813,85,false,tossicodipendente,2025-06-06T09:27:27Z,"dancehall","Monkey Puzzle Records/RCA Records",0.592,0.8,6,-4.931,0,0.215,0.0561,0.00000201,0.0775,0.728,89.972,4
spotify:track:3E7dfMvvCLUddWissuqMwr,"Party In The U.S.A.","The Time Of Our Lives (International Version)","Miley Cyrus",2009-01-01,202066,86,false,tossicodipendente,2025-06-06T09:27:55Z,"","Hollywood Records",0.652,0.698,10,-4.667,0,0.042,0.00112,0.000115,0.0886,0.47,96.021,4
spotify:track:0k2GOhqsrxDTAbFFSdNJjT,"Temperature","The Trinity","Sean Paul",2005-09-27,216320,88,false,tossicodipendente,2025-09-06T11:59:46Z,"dancehall","VP Records",0.951,0.6,0,-4.675,0,0.0685,0.106,0,0.0712,0.822,125.04,4
spotify:track:7e1h7rqNB0BBC2fUuWEEFe,"Who's That Chick? (feat. Rihanna)","One More Love","David Guetta;Rihanna",2010-11-22,201040,78,false,tossicodipendente,2026-08-25T10:51:08Z,"edm","Parlophone (France)",0.675,0.602,11,-4.733,0,0.116,0.00377,0,0.0458,0.933,127.938,4
spotify:track:7DnAm9FOTWE3cUvso43HhI,"Sweet but Psycho","Heaven & Hell","Ava Max",2020-09-18,187436,86,false,tossicodipendente,2026-08-25T10:51:30Z,"","Atlantic Records",0.72,0.706,1,-4.719,1,0.0473,0.0684,0,0.166,0.62,133.002,4
spotify:track:7jk7gqyEonmVVYahZN5zhW,"Circus","Circus (Deluxe Version)","Britney Spears",2008-12-02,192359,83,false,tossicodipendente,2026-08-25T10:51:41Z,"pop","Jive",0.791,0.733,6,-5.215,0,0.052,0.147,0.000381,0.0713,0.761,114.98,4
